OMCID;Название компании
o1c20115;Кволитек
O1C23002;УНФ-Т
O1C23014;Ринософт
O1C23017;Миниахметов Рафаэль ИП
O1C23042;Ситек
o1c23078;masked-reality (ЛК сайта)
OMC17003;Биомедторг
OMC17008;АникаТур
OMC170BN;Бюро Находок
OMC170GE;Гранд Эксперт
OMC170GF;
OMC170GP;Гранд Проект
OMC18009;Профит
OMC18030;Селекти
OMC18044;Содружество
OMC18047;Регион Сервис Групп
OMC18047-PL;
OMC19006;Кондрасенко(Нижневартовск)
OMC19015;Верси
OMC19025;Иноватика
OMC19026;Седов ИП
OMC19034;
OMC19036;Николаев ИП
OMC19078;Микоп
OMC19082;ЭВЭИЛ
OMC19086;
OMC19119;Инна Гайдученко
OMC19121;Марина СЭМ 380
OMC19130;Аврора
OMC19206;ДЕНН(БрэндФарма)
OMC19P79;БухЭкспертГрупп
OMC19P80;Светлана Биллпроф Владивосток
OMC19P88;Инфоком (Илья Черкасов)
OMC19P90;Александр Биллпроф НН
OMC20101;ИД Подмосковье
OMC20101_cl-33;
OMC20106;
OMC20110;Сан-Мишель
OMC20114;Ворошкевич
OMC20121;РусСтройЭлектро
OMC20142;Строй Сити
OMC20147;"КОК; Салон оптики"
OMC20158;Задворных Александр Васильевич
OMC20160;Альба Медикал
OMC20161;ГК Артранс
OMC20162;Автострой
OMC20170;Монеро Групп ООО
OMC20180;Проэлемент
OMC20191;Тимирязев
OMC20192;Львова
OMC20194;ЯЗЫКОВАЯ СТУДИЯ ВЕЛКАМ АНО ДПО
OMC20197;ВашГлавбух (Тишечкина)
OMC20204;СВЯТОЗАР
OMC20205;УралЛесСтрой
OMC20P04;Империя
OMC20P17;Верси ИТ-поддержка
OMC20P18;Инна Чайка
OMC20P20;Биллпроф 4 (Оренбург)
OMC20P26;Павел Бабинцев
OMC20P59;Юллинен Светлана Рейновна ИП
OMC210RS;РОП Шеринг
OMC21106;АБ Таврическое
OMC21117;Электролось ООО
OMC21122;Жирнов Евгений Владимирович
OMC21140;УЭС
OMC21143;Виотрансстрой
OMC21144;Минашкина ИВ ИП
OMC21150;ООО Секонд
OMC21151;Рекам (Леонов Николай)
OMC21156;Ортобан
OMC21157;Девлесупов ИП
OMC21176;Инструменты-Онлайн
OMC21180;Рондо
OMC21184;Агрокомплект
OMC21187;ВикторияЮСТ ООО
OMC21188;Галлерея напитков (Биллпроф НН)
OMC21193;ФБ Медиа Солюшнс
OMC21195;Афанасьев ИП (Хельмут)
OMC21197;ОЗПЦ ООО
OMC21198;ПЗМО ООО
OMC21203;ЭСКОМ ООО
OMC21204;Климат Сервис Апшеронск ООО
OMC21205;Теллер ООО
OMC21209;Гражданская защита
OMC21211;СКА ООО
OMC21215;СамараСтройЭнерго
OMC21223;Капралова Динара ИП
OMC21230;Калве Елена
OMC21234;Барышева Татьяна
OMC21242;ЭЛПРАЙС ООО
OMC21246;Густокашин ИП
OMC21249;Развитие и успех
OMC21259;Решке Вячеслав Валерьевич
OMC21263;ТекстильЭлит
OMC21P21;КОНТАБИЛИТА
OMC21P23;ИжТиСи
OMC21P24;Волкова Наталья ИП (Оренбург)
OMC21P27;КК БУХГАЛТЕР И Я ООО
OMC21P90;
omc22118;РадугаСПОК
OMC22119;ВЕРКЛАУД
OMC22122;Кулешова ИП
OMC22128;АР ЛОДЖИСТИК ООО
omc22140;Сысолякин Александр Андреевич ИП
OMC22142;Шушин С.В.
OMC22144;Вертикаль
OMC22147;В-Групп
OMC22148;Фьюжн
OMC22149;Дыкова ИП
OMC22150;Пантелеев ИП
OMC22153;Мастерская комфорта
OMC22155;ВЕЛКОК РУС
OMC22161;Медпрофи ООО
OMC22162;СТВ ООО
OMC22164;Шаповалов И.Ю.
OMC22166;1М
OMC22167;РОНА ГРУПП
OMC22169;Триглиф ООО
OMC22175;Гарбуз В.Н ИП
OMC22176;Багишев ИП
OMC22188;Докомал ООО
OMC22191;ВЕБЕР РУС ООО
OMC22195;Ассоциация Растим читателя
OMC22198;ШАНС БИО ООО
OMC22200;Джи Аэй Пак Сервис ООО
OMC22205;Сила мыла ООО
OMC22207;Академия ИНППЗ АНО ДПО
OMC22208;Спорт24 ООО
OMC22212;Каромик ООО
OMC22213;КА Проф Рекрут ООО
OMC22215;ИМПАКТ
OMC22219;Промдискаунт ООО
OMC23001;Клиника Изумруд ООО
OMC23003;Бест Атлет ООО
OMC23004;Подворье Св. Ап. Ев. Иоанна Богослова
OMC23005;ПРИЛСНАБ
OMC23007;Растутаев ИП
OMC23008;Кондратенко ИП
OMC23009;Семейкина ИП
OMC23012;Карсен Групп ООО
OMC23018;Сатурн ООО
OMC23019;Плотников ИП
OMC23020;Федорова Екатерина ИП
OMC23021;Махно Н.Е.
omc23022;Юрколлегия
omc23024;Техногарант ТЦ
OMC23026;Калининский
OMC23027;Юг-Агро
OMC23028;Перов ИП
OMC23029;Пичугина Мария Станиславовна ИП
OMC23031;Дикий Север ООО
OMC23032;Спецтрак ООО
omc23033;Сертплейс ООО
OMC23036;Лидер63 ООО
OMC23038;Рыльский Дмитрий Александрович ИП
OMC23040;Экопак ООО
OMC23041;Сыдыкова Айсалкын Бекмырзаевна ИП
OMC23052;КуалКом ООО
omc23054;ПК АСГАРД ООО
omc23059;СППК РУБЛЕВКА
omc23060;Бизнессервис ООО
omc23061;БСК ООО
omc23062;АЛЬЯНС ООО
omc23063;Ткаченко ИП
omc23065;ЭССЕН ООО
omc23066;Профи-Факторинг (ЖДФ)
omc23067;СПЕЦМОНТАЖСТРОЙ ООО
omc23068;СПОРТ КЛАБ ООО
omc23070;КВИКЛИ СЕЧ ИТ ООО
omc23071;УК ДОБРОТА ООО
omc23075;РК-ГРУПП
omc23076;ИПЦ ХМ ООО
omc23079;Семенов Константин Владимирович ИП
omc23081;Мичкаева Наталья Валерьевна ИП
omc23083;ПРОФИТ ООО
omc23085;ЕЦП МОЕ ПРАВО ООО
omc23086;Мажикова Г.С. ИП
omc24101;Фортуна ООО
omc24102;БИЗНЕС-АЙТЕХ ООО
omc24104;Пульсар сервис
omc24105;СПБ ООО
omc24106;АССОЦИАЦИЯ БИЗНЕС-ТРЕНЕРОВ
omc24107;ВИТА-ХАУЗ ООО
omc24108;ПОЛЯНА ООО
omc24110;Табуева Дженнет Таймасхановна ИП
omc24112;Ненахов Антон Игоревич ИП
omc24113;АРКТИКСТРОЙ ООО
omc24118;АБ БРИК ООО
omc24120;СПЕЦПРОМ СПБ ООО
omc24122;Антон Польский (Инна Чайка)
omc24124;АКС КЭПИТАЛ ООО
omc24126;АДРЕМАЛИНА ООО
omc24127;Хорошун Дмитрий Петрович
omc24128;СТРОЙИНВЕСТПРОЕКТ ООО
omc24129;Мосягина Ирина Юрьевна ИП
omc24131;Чуканов Александр Вячеславович ИП
OMC24P38;
OMP21220;Порцева А. В. ИП
OMP21222;Иван Брыкин
OMP21224;Литвиненко Оксана
OMP21226;Янкова ИП
OMP21229;Биллпроф 1 Красноярск
OMP21231;Шиндель ИП
OMP21238;Комелина Ксения Андреевна ИП
OMP21239;Каримова Наталья
OMP21241;Когут Наталья
OMP21243;Толстова М.Б.
OMP21245;Котлярова ИП
OMP21248;"Биллпроф; Москва"
OMP21253;Русин ИП
OMP21254;Васильев Е. Г. ИП
OMP21255;Лутфиева Зульфия ИП
OMP21264;Латыпова Лина Анасовна
OMP22104;Ненашева ИП
OMP22112-PL;
OMP22120;Юрченко ИП
OMP22129;Мельникова ИП
omp22134;АГЕНТСТВО СТОЛИЧНЫЙ СТАНДАРТ ООО
OMP22138;Шайдуллина З.Ф.
OMP22152;Практик Финанс
OMP22159;
OMP22170;Нети
OMP22183;АссЭксБухБиз
OMP22193;Альфа-Константа ООО
OMP22229;1С Франчайзи Виктория ООО
OMP23023;Алекс-Рус
OMP23034;Мягкова Наталья Александровна
OMP23037;Шостак Юлия Николаевна
omp23039;Биллпроф ООО
OMP23044;Павлова ИП
omp23045;Аркадьева ИП
omp23073;Артемьев Андрей Сергеевич ИП
omp23080;Бухгалтер-Сервис ООО
omp23084;УЦ Амилен
OMP25500;Рога и копыта ООО
omp26384;Тест Скрипта ООО